Min,Max,average,SD
,,,
,,,
,,,
,,,
,,,
,,,
,,,
,,,
,,,
,,,
,,,
,,,
40.382953931873736,40.382953931873736,40.38295393187376,1.5078914929239175e-06
47.31166705255916,52.17009063016653,49.376379412495716,2.23156299791501
33.92522700346664,50.02421547169766,40.6868021601237,7.945792715329058
