Min,Max,average,SD
,,,
,,,
,,,
,,,
,,,
,,,
,,,
,,,
,,,
,,,
,,,
,,,
-0.07822721057891968,32.29485629428568,29.234569497485538,6.548179854804501
