Min,Max,average,SD
,,,
,,,
,,,
,,,
,,,
,,,
,,,
,,,
,,,
,,,
,,,
,,,
-0.07822721057891968,32.29485629428568,29.234569497485538,6.548179854804501
37.707696129576135,37.707696129576135,37.707696129576114,1.3486991523486091e-06
