Min,Max,average,SD
,,,
,,,
,,,
,,,
,,,
,,,
,,,
,,,
,,,
56.87707242960254,56.87707242960254,56.877072429602485,2.132480599880018e-06
,,,
,,,
