Min,Max,average,SD
,,,
,,,
,,,
14.462720704444259,14.462720704444259,14.462720704444255,3.769728732309794e-07
38.21306131517703,38.21306131517703,38.21306131517707,2.0230487285229133e-06
-5.688236913389449,32.13100251428245,16.65088393449513,15.89981716109728
,,,
,,,
,,,
,,,
,,,
,,,
