Min,Max,average,SD
,,,
,,,
,,,
,,,
,,,
,,,
,,,
-5.633891254380445,49.40107393256575,36.621388094865935,17.570491569583282
-7.66427230463848,24.676974563427702,17.60944592848423,11.137536770405232
-7.60828238535568,14.568774504128918,11.161819135073202,6.512159510237454
-5.648601141676836,34.44050018962113,20.04622927342919,14.465824722857526
-6.559155530974341,46.04627123388493,23.117872308481978,19.067040366679166
