Min,Max,average,SD
14.557361965449104,14.557361965449104,14.557361965449104,5.331201499700045e-07
11.541332614200492,11.541332614200492,11.541332614200492,3.371747880871523e-07
24.015064092061845,33.88970325627639,31.502470597605807,2.2273967248078197
29.301185145659232,34.64068392669411,29.514765096900636,1.04632379965926
10.274826959029191,30.423433460975602,27.340949992955736,5.607548407226566
-3.3154150299900276,39.36704165365884,30.40837466077313,8.025633052218918
,,,
,,,
,,,
,,,
,,,
,,,
