Min,Max,average,SD
14.557361965449104,14.557361965449104,14.557361965449104,5.331201499700045e-07
,,,
,,,
,,,
,,,
,,,
,,,
,,,
,,,
,,,
,,,
,,,
