Min,Max,average,SD
,,,
,,,
,,,
,,,
,,,
,,,
,,,
,,,
,,,
,,,
,,,
,,,
-5.696999514180832,43.442845653748776,20.43228967569334,14.85127903615209
