Min,Max,average,SD
,,,
,,,
,,,
,,,
,,,
,,,
,,,
,,,
,,,
,,,
,,,
,,,
-5.696999514180832,43.442845653748776,20.43228967569334,14.85127903615209
-6.283130397920928,38.31836538764742,15.531243567971496,15.702639353877311
