Min,Max,average,SD
,,,
,,,
,,,
,,,
,,,
,,,
,,,
,,,
,,,
,,,
,,,
,,,
-5.696999514180832,43.442845653748776,20.43228967569334,14.85127903615209
-6.283130397920928,38.31836538764742,15.531243567971496,15.702639353877311
-5.654906911014865,30.488720256636427,8.248980275973315,12.826799430424114
-5.672017184938849,37.70807403016845,14.245515103156858,13.302188611368289
-7.683371812858258,45.40435210206144,8.23293787129068,15.223774210335867
