Min,Max,average,SD
,,,
,,,
,,,
,,,
,,,
,,,
,,,
,,,
,,,
,,,
,,,
,,,
-5.873938122939528,39.446084561264406,23.09481593522269,19.894173342711046
