Min,Max,average,SD
,,,
,,,
,,,
89.59968822339262,89.59968822339262,89.59968822339266,3.5683225505580343e-06
,,,
,,,
,,,
,,,
,,,
,,,
,,,
,,,
