Min,Max,average,SD
,,,
,,,
,,,
,,,
,,,
75.22544845445559,75.22544845445559,75.22544845445556,2.86102294921875e-06
,,,
,,,
,,,
,,,
,,,
,,,
