Min,Max,average,SD
12.30964054567594,93.27425332628681,85.57471792097749,18.491719973353632
91.51315225241282,93.80168263345199,93.25246437826519,0.6905070267695569
,,,
,,,
,,,
,,,
,,,
,,,
,,,
,,,
,,,
,,,
