Min,Max,average,SD
,,,
,,,
,,,
,,,
,,,
,,,
,,,
,,,
,,,
,,,
92.92700044143626,92.92700044143626,92.92700044143625,0.0
,,,
