Min,Max,average,SD
,,,
,,,
,,,
,,,
,,,
,,,
,,,
,,,
74.89744140538643,74.89744140538643,74.89744140538643,0.0
,,,
,,,
,,,
