Min,Max,average,SD
,,,
,,,
,,,
89.59968822339262,89.59968822339262,89.59968822339266,3.5683225505580343e-06
91.25833644349734,91.25833644349734,91.2583364434973,2.6973983046972182e-06
,,,
,,,
,,,
,,,
,,,
,,,
,,,
