Min,Max,average,SD
,,,
,,,
,,,
89.59968822339262,89.59968822339262,89.59968822339266,3.5683225505580343e-06
92.44704041507838,92.44704041507838,92.44704041507833,1.3486991523486091e-06
,,,
,,,
,,,
,,,
,,,
,,,
,,,
