Min,Max,average,SD
,,,
,,,
,,,
56.77148899640881,89.64090461150806,85.51903092168727,7.873408950869323
,,,
,,,
,,,
,,,
,,,
,,,
,,,
,,,
