Min,Max,average,SD
91.35858512203887,93.5846788846423,92.63830848501968,0.7265282438550608
,,,
,,,
,,,
,,,
,,,
,,,
,,,
,,,
,,,
,,,
,,,
