Min,Max,average,SD
,,,
,,,
,,,
,,,
,,,
,,,
,,,
,,,
,,,
57.752975927839515,94.02326625757942,84.76758496525228,15.123999146731776
,,,
,,,
