Min,Max,average,SD
,,,
,,,
,,,
,,,
,,,
,,,
,,,
,,,
,,,
,,,
,,,
62.09224472101786,62.09224472101786,62.09224472101781,3.015782985847835e-06
