Min,Max,average,SD
,,,
,,,
,,,
,,,
,,,
,,,
,,,
,,,
,,,
,,,
75.25060701409174,75.25060701409174,75.25060701409168,3.5683225505580343e-06
,,,
