Min,Max,average,SD
12.30964054567594,93.27425332628681,85.57471792097749,18.491719973353632
88.16691377820119,88.16691377820119,88.16691377820109,5.135693366178993e-06
,,,
,,,
,,,
,,,
,,,
,,,
,,,
,,,
,,,
,,,
