Min,Max,average,SD
30.431655496238903,87.29165549623893,75.75844081608992,17.72421081825535
,,,
,,,
,,,
,,,
,,,
,,,
,,,
,,,
,,,
,,,
,,,
