Min,Max,average,SD
,,,
,,,
,,,
,,,
,,,
,,,
,,,
-5.963579343618446,86.85289246928257,13.393510904030279,26.803570441796435
,,,
,,,
,,,
,,,
