Min,Max,average,SD
,,,
,,,
,,,
,,,
,,,
21.490611663372018,74.3330432075708,51.254330332947085,13.058992024298998
,,,
,,,
,,,
,,,
,,,
,,,
