Min,Max,average,SD
,,,
,,,
,,,
,,,
,,,
,,,
83.692610790344,83.692610790344,83.69261079034405,2.5231850729604633e-06
,,,
,,,
,,,
,,,
,,,
