Min,Max,average,SD
,,,
,,,
,,,
,,,
,,,
,,,
,,,
94.02326625757942,94.02326625757942,94.02326625757942,1.3486991523486091e-06
,,,
,,,
,,,
,,,
