Min,Max,average,SD
,,,
,,,
,,,
,,,
,,,
92.59946500072775,92.59946500072775,92.59946500072779,3.5683225505580343e-06
,,,
,,,
,,,
,,,
,,,
,,,
