Min,Max,average,SD
,,,
,,,
,,,
,,,
,,,
,,,
,,,
,,,
90.54875562139874,90.54875562139874,90.54875562139874,2.6973983046972182e-06
,,,
,,,
,,,
