Min,Max,average,SD
90.02111423509888,90.02111423509888,90.02111423509896,2.5231850729604633e-06
,,,
,,,
,,,
,,,
,,,
,,,
,,,
,,,
,,,
,,,
,,,
