Min,Max,average,SD
,,,
,,,
,,,
,,,
,,,
,,,
,,,
,,,
,,,
,,,
89.61389596854988,93.64094470078548,92.22487984885264,1.1186995310289294
,,,
