Min,Max,average,SD
,,,
,,,
,,,
,,,
,,,
,,,
,,,
,,,
,,,
93.98936470590374,93.98936470590374,93.98936470590375,2.6973983046972182e-06
,,,
,,,
