Min,Max,average,SD
12.30964054567594,93.27425332628681,85.57471792097749,18.491719973353632
93.20389959779558,93.20389959779558,93.20389959779554,4.046097457045827e-06
57.40528862039816,57.40528862039816,57.40528862039813,2.3360154559928683e-06
,,,
,,,
,,,
,,,
,,,
,,,
,,,
,,,
,,,
