Min,Max,average,SD
,,,
,,,
,,,
,,,
,,,
,,,
30.52353644806849,87.27289246928257,80.68936532836251,12.59669739215681
,,,
,,,
,,,
,,,
,,,
