Min,Max,average,SD
,,,
,,,
,,,
90.1598287472796,94.19240366476762,92.7716177898247,1.1177086982058462
,,,
,,,
,,,
,,,
,,,
,,,
,,,
,,,
