Min,Max,average,SD
12.30964054567594,93.27425332628681,85.57471792097749,18.491719973353632
12.326676732828508,85.4117358769174,68.22617379656667,25.781675526676967
,,,
,,,
,,,
,,,
,,,
,,,
,,,
,,,
,,,
,,,
