Min,Max,average,SD
,,,
,,,
,,,
,,,
,,,
,,,
,,,
,,,
,,,
,,,
90.15105438238983,90.15105438238983,90.15105438238979,1.3486991523486091e-06
,,,
