Min,Max,average,SD
,,,
,,,
,,,
89.59968822339262,89.59968822339262,89.59968822339266,3.5683225505580343e-06
56.77346333071253,86.21379137609951,79.71581596298566,10.676409457488393
,,,
,,,
,,,
,,,
,,,
,,,
,,,
