Min,Max,average,SD
,,,
,,,
,,,
,,,
,,,
,,,
66.06246379491758,66.06246379491758,66.06246379491763,3.015782985847835e-06
,,,
,,,
,,,
,,,
,,,
