Min,Max,average,SD
,,,
,,,
,,,
,,,
,,,
,,,
,,,
87.85272228761501,89.12826519084712,88.56175699694681,0.40867754236814585
,,,
,,,
,,,
,,,
