Min,Max,average,SD
,,,
,,,
,,,
,,,
,,,
,,,
,,,
,,,
,,,
,,,
-5.826000107380449,66.53193985886487,19.41534726081406,28.943848781562455
,,,
