Min,Max,average,SD
,,,
,,,
,,,
,,,
,,,
29.892977112257746,65.9862848439572,60.20057654153074,10.627024837476531
,,,
,,,
,,,
,,,
,,,
,,,
