Min,Max,average,SD
,,,
,,,
,,,
92.04704041507837,92.64704041507838,92.35514872587225,0.16597539218866733
,,,
,,,
,,,
,,,
,,,
,,,
,,,
,,,
