Min,Max,average,SD
93.72700044143625,93.7959933129232,93.75873716232023,0.034385870082811014
,,,
,,,
,,,
,,,
,,,
,,,
,,,
,,,
,,,
,,,
,,,
