Min,Max,average,SD
,,,
,,,
,,,
,,,
,,,
89.182357756651,93.65240366476763,92.50979026135877,1.2068798428932839
,,,
,,,
,,,
,,,
,,,
,,,
