Min,Max,average,SD
,,,
,,,
,,,
,,,
,,,
,,,
,,,
,,,
,,,
91.32090734553951,93.28878821817865,92.49031614138121,0.46113804646584994
,,,
,,,
