Min,Max,average,SD
91.71425332628682,91.71425332628682,91.7142533262868,0.0
,,,
,,,
,,,
,,,
,,,
,,,
,,,
,,,
,,,
,,,
,,,
