Min,Max,average,SD
,,,
,,,
,,,
89.59968822339262,89.59968822339262,89.59968822339266,3.5683225505580343e-06
91.35379137609952,93.95326262833369,93.34319388459913,0.6413778215096839
,,,
,,,
,,,
,,,
,,,
,,,
,,,
