Min,Max,average,SD
12.30964054567594,93.27425332628681,85.57471792097749,18.491719973353632
93.20389959779558,93.20389959779558,93.20389959779554,4.046097457045827e-06
91.65679627126205,91.65679627126205,91.65679627126207,3.3036247397782844e-06
,,,
,,,
,,,
,,,
,,,
,,,
,,,
,,,
,,,
