Min,Max,average,SD
,,,
,,,
,,,
,,,
,,,
87.59140997390337,87.59140997390337,87.59140997390337,3.015782985847835e-06
,,,
,,,
,,,
,,,
,,,
,,,
