Min,Max,average,SD
,,,
,,,
,,,
,,,
,,,
,,,
,,,
87.69744140538643,87.69744140538643,87.69744140538648,3.814697265625e-06
,,,
,,,
,,,
,,,
