Min,Max,average,SD
,,,
,,,
,,,
,,,
,,,
,,,
,,,
,,,
,,,
,,,
12.523536448068489,48.018585788745526,40.52713408932782,11.673492936576197
,,,
