Min,Max,average,SD
93.96811752271647,94.1681175227165,94.16029425435251,0.038336216745761355
,,,
,,,
,,,
,,,
,,,
,,,
,,,
,,,
,,,
,,,
,,,
