Min,Max,average,SD
,,,
,,,
,,,
,,,
,,,
,,,
,,,
,,,
,,,
86.33574420258549,89.65968822339262,88.78668471570772,0.8661145023883151
,,,
,,,
