Min,Max,average,SD
,,,
,,,
,,,
,,,
,,,
,,,
,,,
,,,
,,,
66.38687189361193,75.37959913428286,75.19974458946938,1.25898181369682
,,,
,,,
