Min,Max,average,SD
,,,
,,,
,,,
,,,
,,,
,,,
,,,
91.83405452609945,94.24326625757944,93.86306508127771,0.584788150156828
,,,
,,,
,,,
,,,
