Min,Max,average,SD
,,,
,,,
,,,
,,,
,,,
,,,
89.54855887687,94.04951600496186,92.37545596661171,1.686437460609621
,,,
,,,
,,,
,,,
,,,
