Min,Max,average,SD
,,,
,,,
,,,
,,,
,,,
,,,
,,,
87.47382834514536,87.47382834514536,87.47382834514531,1.9073486328125e-06
,,,
,,,
,,,
,,,
