Min,Max,average,SD
,,,
,,,
,,,
,,,
,,,
,,,
,,,
93.72700044143625,93.72700044143625,93.72700044143623,2.6973983046972182e-06
,,,
,,,
,,,
,,,
