Min,Max,average,SD
,,,
,,,
,,,
91.46669517527555,91.59173296930548,91.55680500172338,0.050327964754628196
,,,
,,,
,,,
,,,
,,,
,,,
,,,
,,,
