Min,Max,average,SD
,,,
,,,
,,,
89.59968822339262,89.59968822339262,89.59968822339266,3.5683225505580343e-06
3.592828228539881,91.86283177470683,64.08698481159385,31.888349947038968
,,,
,,,
,,,
,,,
,,,
,,,
,,,
