Min,Max,average,SD
,,,
,,,
,,,
,,,
,,,
,,,
,,,
,,,
92.0651058043804,92.0651058043804,92.06510580438042,3.3036247397782844e-06
,,,
,,,
,,,
