Min,Max,average,SD
,,,
,,,
,,,
,,,
,,,
,,,
,,,
,,,
,,,
90.08559716573518,90.08559716573518,90.08559716573517,3.162979879718208e-06
,,,
,,,
