Min,Max,average,SD
,,,
,,,
,,,
,,,
,,,
,,,
,,,
,,,
,,,
,,,
,,,
-6.091309882077698,84.95520860761431,62.280802086894774,38.5730169297342
