Min,Max,average,SD
,,,
,,,
,,,
,,,
,,,
,,,
,,,
,,,
,,,
,,,
,,,
91.77237888630935,93.72700044143625,93.09063071702613,0.4962632444155871
