Min,Max,average,SD
,,,
,,,
,,,
,,,
,,,
,,,
,,,
,,,
,,,
,,,
,,,
84.8536707423311,84.8536707423311,84.85367074233102,4.473129043410711e-06
