Min,Max,average,SD
,,,
,,,
,,,
,,,
,,,
,,,
,,,
,,,
,,,
90.03289246928257,90.51289246928256,90.29209246928254,0.1575796941478759
,,,
,,,
