Min,Max,average,SD
,,,
,,,
,,,
21.59732261812772,85.61165549623892,57.9317066285124,20.773797660731674
,,,
,,,
,,,
,,,
,,,
,,,
,,,
,,,
