Min,Max,average,SD
,,,
,,,
,,,
,,,
,,,
75.24425778641309,91.71425332628682,88.07219120608335,5.790508655932919
,,,
,,,
,,,
,,,
,,,
,,,
