Min,Max,average,SD
,,,
,,,
,,,
,,,
,,,
,,,
92.44704041507838,92.44704041507838,92.44704041507833,1.3486991523486091e-06
,,,
,,,
,,,
,,,
,,,
