Min,Max,average,SD
12.30964054567594,93.27425332628681,85.57471792097749,18.491719973353632
75.4825471035353,75.4825471035353,75.48254710353524,3.3036247397782844e-06
,,,
,,,
,,,
,,,
,,,
,,,
,,,
,,,
,,,
,,,
