Min,Max,average,SD
,,,
,,,
,,,
,,,
,,,
,,,
,,,
,,,
,,,
,,,
84.57028052196087,84.57028052196087,84.57028052196083,3.693564745147149e-06
,,,
