Min,Max,average,SD
,,,
,,,
,,,
,,,
,,,
,,,
,,,
-5.633891254380445,49.40107393256575,36.621388094865935,17.570491569583282
,,,
,,,
,,,
,,,
