Min,Max,average,SD
,,,
,,,
,,,
,,,
,,,
,,,
-5.615920403305727,42.01810858363105,37.108498546412605,11.33253672253738
,,,
,,,
,,,
,,,
,,,
-5.873938122939528,39.446084561264406,23.09481593522269,19.894173342711046
