Min,Max,average,SD
14.557361965449104,14.557361965449104,14.557361965449104,5.331201499700045e-07
11.541332614200492,11.541332614200492,11.541332614200492,3.371747880871523e-07
,,,
,,,
,,,
,,,
,,,
,,,
,,,
,,,
,,,
,,,
