Min,Max,average,SD
,,,
,,,
,,,
,,,
,,,
,,,
,,,
-5.633891254380445,49.40107393256575,36.621388094865935,17.570491569583282
-7.66427230463848,24.676974563427702,17.60944592848423,11.137536770405232
,,,
,,,
,,,
