Min,Max,average,SD
,,,
,,,
,,,
14.462720704444259,14.462720704444259,14.462720704444255,3.769728732309794e-07
38.21306131517703,38.21306131517703,38.21306131517707,2.0230487285229133e-06
,,,
,,,
,,,
,,,
,,,
,,,
,,,
