Min,Max,average,SD
,,,
,,,
,,,
,,,
,,,
,,,
,,,
,,,
,,,
,,,
,,,
,,,
40.382953931873736,40.382953931873736,40.38295393187376,1.5078914929239175e-06
