Min,Max,average,SD
,,,
,,,
,,,
14.462720704444259,14.462720704444259,14.462720704444255,3.769728732309794e-07
,,,
,,,
,,,
,,,
,,,
,,,
,,,
,,,
