Min,Max,average,SD
56.87707242960254,56.87707242960254,56.877072429602485,2.132480599880018e-06
29.0249060935083,29.0249060935083,29.024906093508285,4.76837158203125e-07
32.448249383608804,32.448249383608804,32.448249383608776,1.581489939859104e-06
,,,
,,,
,,,
,,,
,,,
,,,
,,,
,,,
,,,
